benchmark,model,engine,path,method,scenario,threads,mode,score,score_error,unit,alloc_bytes_per_op,gc_count,gc_time_ms,speedup_vs_1t,parallel_efficiency
io.finmsg.dmn.benchmark.CreditApprovalBenchmark.generatedAdapter_CreditApproval,CreditApproval,Generated Java,Adapter,generatedAdapter_CreditApproval,default,1,avgt,0.46309973130342796,0.01429257622190723,us/op,862.48,1647.00,1114.00,1.00x,100.0%
io.finmsg.dmn.benchmark.CreditApprovalBenchmark.generatedAdapter_CreditApproval,CreditApproval,Generated Java,Adapter,generatedAdapter_CreditApproval,default,2,avgt,0.7267962589567311,0.1741159726419277,us/op,862.48,1622.00,1448.00,1.57x,78.5%
io.finmsg.dmn.benchmark.CreditApprovalBenchmark.generatedAdapter_CreditApproval,CreditApproval,Generated Java,Adapter,generatedAdapter_CreditApproval,default,4,avgt,0.9135982463209104,0.020984834548481074,us/op,822.48,1762.00,1794.00,1.97x,49.3%
io.finmsg.dmn.benchmark.CreditApprovalBenchmark.generatedAdapter_CreditApproval,CreditApproval,Generated Java,Adapter,generatedAdapter_CreditApproval,default,8,avgt,1.9627014200170625,0.1172717439381543,us/op,822.48,1308.00,2063.00,4.24x,53.0%
io.finmsg.dmn.benchmark.CreditApprovalBenchmark.generatedDirect_CreditApproval,CreditApproval,Generated Java,Direct,generatedDirect_CreditApproval,default,1,avgt,0.4574804640199478,0.03001054229740958,us/op,849.15,1854.00,1218.00,1.00x,100.0%
io.finmsg.dmn.benchmark.CreditApprovalBenchmark.generatedDirect_CreditApproval,CreditApproval,Generated Java,Direct,generatedDirect_CreditApproval,default,2,avgt,0.6143646204530725,0.03664220190051797,us/op,862.48,2061.00,1624.00,1.34x,67.1%
io.finmsg.dmn.benchmark.CreditApprovalBenchmark.generatedDirect_CreditApproval,CreditApproval,Generated Java,Direct,generatedDirect_CreditApproval,default,4,avgt,0.9750724658450894,0.06754075248660657,us/op,843.96,1855.00,1883.00,2.13x,53.3%
io.finmsg.dmn.benchmark.CreditApprovalBenchmark.generatedDirect_CreditApproval,CreditApproval,Generated Java,Direct,generatedDirect_CreditApproval,default,8,avgt,2.0852765301290597,0.13104773532798417,us/op,840.21,1406.00,2153.00,4.56x,57.0%
io.finmsg.dmn.benchmark.CreditApprovalBenchmark.generatedEndToEnd_CreditApproval,CreditApproval,Generated Java,End-to-End,generatedEndToEnd_CreditApproval,default,1,avgt,0.5622089816143176,0.022044953026720243,us/op,926.48,1658.00,1145.00,1.00x,100.0%
io.finmsg.dmn.benchmark.CreditApprovalBenchmark.generatedEndToEnd_CreditApproval,CreditApproval,Generated Java,End-to-End,generatedEndToEnd_CreditApproval,default,2,avgt,0.728788537969249,0.017690924953758815,us/op,926.48,1855.00,1505.00,1.30x,64.8%
io.finmsg.dmn.benchmark.CreditApprovalBenchmark.generatedEndToEnd_CreditApproval,CreditApproval,Generated Java,End-to-End,generatedEndToEnd_CreditApproval,default,4,avgt,1.2115836949625458,0.058324026279767814,us/op,897.04,1613.00,1638.00,2.16x,53.9%
io.finmsg.dmn.benchmark.CreditApprovalBenchmark.generatedEndToEnd_CreditApproval,CreditApproval,Generated Java,End-to-End,generatedEndToEnd_CreditApproval,default,8,avgt,2.7062014242213936,0.7433444561573963,us/op,893.52,1139.00,1854.00,4.81x,60.2%
io.finmsg.dmn.benchmark.CreditApprovalBenchmark.interpreterCore_CreditApproval,CreditApproval,Interpreter,Core,interpreterCore_CreditApproval,default,1,avgt,1.7488917654443903,0.26440110030956865,us/op,3199.62,1567.00,1102.00,1.00x,100.0%
io.finmsg.dmn.benchmark.CreditApprovalBenchmark.interpreterCore_CreditApproval,CreditApproval,Interpreter,Core,interpreterCore_CreditApproval,default,2,avgt,2.269544348353028,0.042731596641068806,us/op,3199.62,1796.00,1527.00,1.30x,64.9%
io.finmsg.dmn.benchmark.CreditApprovalBenchmark.interpreterCore_CreditApproval,CreditApproval,Interpreter,Core,interpreterCore_CreditApproval,default,4,avgt,3.4513906375010626,0.04511175434279821,us/op,3192.26,1884.00,1934.00,1.97x,49.3%
io.finmsg.dmn.benchmark.CreditApprovalBenchmark.interpreterCore_CreditApproval,CreditApproval,Interpreter,Core,interpreterCore_CreditApproval,default,8,avgt,7.429990016940075,0.2008879896642391,us/op,3172.95,1225.00,1997.00,4.25x,53.1%
io.finmsg.dmn.benchmark.CreditApprovalBenchmark.generatedAdapter_CreditApproval,CreditApproval,Generated Java,Adapter,generatedAdapter_CreditApproval,default,1,thrpt,1.9383377882858677,0.0321560374820588,ops/us,862.48,1672.00,1147.00,1.00x,100.0%
io.finmsg.dmn.benchmark.CreditApprovalBenchmark.generatedAdapter_CreditApproval,CreditApproval,Generated Java,Adapter,generatedAdapter_CreditApproval,default,2,thrpt,2.870117515838813,0.12826992129503162,ops/us,862.48,1751.00,1593.00,1.48x,74.0%
io.finmsg.dmn.benchmark.CreditApprovalBenchmark.generatedAdapter_CreditApproval,CreditApproval,Generated Java,Adapter,generatedAdapter_CreditApproval,default,4,thrpt,3.1191271824722975,0.16837894057609384,ops/us,846.51,1507.00,1824.00,1.61x,40.2%
io.finmsg.dmn.benchmark.CreditApprovalBenchmark.generatedAdapter_CreditApproval,CreditApproval,Generated Java,Adapter,generatedAdapter_CreditApproval,default,8,thrpt,5.145477784511508,0.16795715160230298,ops/us,822.48,1261.00,1815.00,2.65x,33.2%
io.finmsg.dmn.benchmark.CreditApprovalBenchmark.generatedDirect_CreditApproval,CreditApproval,Generated Java,Direct,generatedDirect_CreditApproval,default,1,thrpt,1.9785852376173212,0.12925291422065377,ops/us,835.81,1567.00,1090.00,1.00x,100.0%
io.finmsg.dmn.benchmark.CreditApprovalBenchmark.generatedDirect_CreditApproval,CreditApproval,Generated Java,Direct,generatedDirect_CreditApproval,default,2,thrpt,2.7785664746756487,0.1945321275452262,ops/us,849.15,1639.00,1484.00,1.40x,70.2%
io.finmsg.dmn.benchmark.CreditApprovalBenchmark.generatedDirect_CreditApproval,CreditApproval,Generated Java,Direct,generatedDirect_CreditApproval,default,4,thrpt,3.205416643889885,0.2966396979209999,ops/us,833.04,1326.00,1621.00,1.62x,40.5%
io.finmsg.dmn.benchmark.CreditApprovalBenchmark.generatedDirect_CreditApproval,CreditApproval,Generated Java,Direct,generatedDirect_CreditApproval,default,8,thrpt,4.126063539803991,0.7269227475185349,ops/us,840.21,1423.00,2127.00,2.09x,26.1%
io.finmsg.dmn.benchmark.CreditApprovalBenchmark.generatedEndToEnd_CreditApproval,CreditApproval,Generated Java,End-to-End,generatedEndToEnd_CreditApproval,default,1,thrpt,1.4975157454293828,0.3328940030709141,ops/us,913.15,1565.00,1121.00,1.00x,100.0%
io.finmsg.dmn.benchmark.CreditApprovalBenchmark.generatedEndToEnd_CreditApproval,CreditApproval,Generated Java,End-to-End,generatedEndToEnd_CreditApproval,default,2,thrpt,2.3420348430606515,0.10498374196977872,ops/us,926.48,1607.00,1421.00,1.56x,78.2%
io.finmsg.dmn.benchmark.CreditApprovalBenchmark.generatedEndToEnd_CreditApproval,CreditApproval,Generated Java,End-to-End,generatedEndToEnd_CreditApproval,default,4,thrpt,2.7686971398324816,0.16613846038330127,ops/us,886.48,1322.00,1595.00,1.85x,46.2%
io.finmsg.dmn.benchmark.CreditApprovalBenchmark.generatedEndToEnd_CreditApproval,CreditApproval,Generated Java,End-to-End,generatedEndToEnd_CreditApproval,default,8,thrpt,3.558302585349615,0.3598459331356245,ops/us,890.00,1385.00,2109.00,2.38x,29.7%
io.finmsg.dmn.benchmark.CreditApprovalBenchmark.interpreterCore_CreditApproval,CreditApproval,Interpreter,Core,interpreterCore_CreditApproval,default,1,thrpt,0.4540725813269837,0.1378467193121278,ops/us,3199.62,1359.00,1077.00,1.00x,100.0%
io.finmsg.dmn.benchmark.CreditApprovalBenchmark.interpreterCore_CreditApproval,CreditApproval,Interpreter,Core,interpreterCore_CreditApproval,default,2,thrpt,0.7597606528520274,0.022569718196863937,ops/us,3199.62,1761.00,1617.00,1.67x,83.7%
io.finmsg.dmn.benchmark.CreditApprovalBenchmark.interpreterCore_CreditApproval,CreditApproval,Interpreter,Core,interpreterCore_CreditApproval,default,4,thrpt,0.8960544613995468,0.02106841861758362,ops/us,3186.28,1577.00,1900.00,1.97x,49.3%
io.finmsg.dmn.benchmark.CreditApprovalBenchmark.interpreterCore_CreditApproval,CreditApproval,Interpreter,Core,interpreterCore_CreditApproval,default,8,thrpt,1.2575315477819753,0.02813992816631809,ops/us,3172.95,1489.00,2255.00,2.77x,34.6%
io.finmsg.dmn.benchmark.OriginationsBenchmark.generatedAdapter_Originations,Originations,Generated Java,Adapter,generatedAdapter_Originations,default,1,avgt,0.6908748236022145,0.027956132021460554,us/op,1840.01,1801.00,1265.00,1.00x,100.0%
io.finmsg.dmn.benchmark.OriginationsBenchmark.generatedAdapter_Originations,Originations,Generated Java,Adapter,generatedAdapter_Originations,default,2,avgt,0.949109613764426,0.01654445515289861,us/op,1853.34,1946.00,1708.00,1.37x,68.7%
io.finmsg.dmn.benchmark.OriginationsBenchmark.generatedAdapter_Originations,Originations,Generated Java,Adapter,generatedAdapter_Originations,default,4,avgt,1.463215647886512,0.029762051234626833,us/op,1853.34,2099.00,2227.00,2.12x,52.9%
io.finmsg.dmn.benchmark.OriginationsBenchmark.generatedAdapter_Originations,Originations,Generated Java,Adapter,generatedAdapter_Originations,default,8,avgt,2.911829982831956,0.22905777741896174,us/op,1840.01,1667.00,2599.00,4.21x,52.7%
io.finmsg.dmn.benchmark.OriginationsBenchmark.generatedDirect_Originations,Originations,Generated Java,Direct,generatedDirect_Originations,default,1,avgt,0.6853289628793724,0.018100575159862863,us/op,1840.01,1844.00,1283.00,1.00x,100.0%
io.finmsg.dmn.benchmark.OriginationsBenchmark.generatedDirect_Originations,Originations,Generated Java,Direct,generatedDirect_Originations,default,2,avgt,0.9524792618961595,0.03300524927480291,us/op,1840.01,1999.00,1757.00,1.39x,69.5%
io.finmsg.dmn.benchmark.OriginationsBenchmark.generatedDirect_Originations,Originations,Generated Java,Direct,generatedDirect_Originations,default,4,avgt,1.4787625496796912,0.039375583225508465,us/op,1840.01,2129.00,2263.00,2.16x,53.9%
io.finmsg.dmn.benchmark.OriginationsBenchmark.generatedDirect_Originations,Originations,Generated Java,Direct,generatedDirect_Originations,default,8,avgt,3.178081920040711,0.7043984874136039,us/op,1840.01,1572.00,2453.00,4.64x,58.0%
io.finmsg.dmn.benchmark.OriginationsBenchmark.generatedEndToEnd_Originations,Originations,Generated Java,End-to-End,generatedEndToEnd_Originations,default,1,avgt,0.8641173377339288,0.01256487657619157,us/op,1936.01,1783.00,1177.00,1.00x,100.0%
io.finmsg.dmn.benchmark.OriginationsBenchmark.generatedEndToEnd_Originations,Originations,Generated Java,End-to-End,generatedEndToEnd_Originations,default,2,avgt,1.2167449285474925,0.047460911233370165,us/op,1949.34,1812.00,1558.00,1.41x,70.4%
io.finmsg.dmn.benchmark.OriginationsBenchmark.generatedEndToEnd_Originations,Originations,Generated Java,End-to-End,generatedEndToEnd_Originations,default,4,avgt,1.8571336880705482,0.036665788977267876,us/op,1894.73,2129.00,2178.00,2.15x,53.7%
io.finmsg.dmn.benchmark.OriginationsBenchmark.generatedEndToEnd_Originations,Originations,Generated Java,End-to-End,generatedEndToEnd_Originations,default,8,avgt,3.7391099613228125,0.278545207959572,us/op,1886.64,1515.00,2351.00,4.33x,54.1%
io.finmsg.dmn.benchmark.OriginationsBenchmark.interpreterCore_Originations,Originations,Interpreter,Core,interpreterCore_Originations,default,1,avgt,3.7215707764172703,0.47024781405201754,us/op,7167.72,1471.00,1085.00,1.00x,100.0%
io.finmsg.dmn.benchmark.OriginationsBenchmark.interpreterCore_Originations,Originations,Interpreter,Core,interpreterCore_Originations,default,2,avgt,4.984536325104598,0.14647790269261055,us/op,7167.72,1690.00,1490.00,1.34x,67.0%
io.finmsg.dmn.benchmark.OriginationsBenchmark.interpreterCore_Originations,Originations,Interpreter,Core,interpreterCore_Originations,default,4,avgt,7.759421222567295,0.1617553919921417,us/op,7167.72,1946.00,2019.00,2.08x,52.1%
io.finmsg.dmn.benchmark.OriginationsBenchmark.interpreterCore_Originations,Originations,Interpreter,Core,interpreterCore_Originations,default,8,avgt,17.582065800409012,4.163061826786195,us/op,7167.82,1307.00,2063.00,4.72x,59.1%
io.finmsg.dmn.benchmark.OriginationsBenchmark.generatedAdapter_Originations,Originations,Generated Java,Adapter,generatedAdapter_Originations,default,1,thrpt,1.201170483644778,0.034541691694931924,ops/us,1840.01,1474.00,1142.00,1.00x,100.0%
io.finmsg.dmn.benchmark.OriginationsBenchmark.generatedAdapter_Originations,Originations,Generated Java,Adapter,generatedAdapter_Originations,default,2,thrpt,1.7553767950741206,0.07308014852480732,ops/us,1866.68,1624.00,1602.00,1.46x,73.1%
io.finmsg.dmn.benchmark.OriginationsBenchmark.generatedAdapter_Originations,Originations,Generated Java,Adapter,generatedAdapter_Originations,default,4,thrpt,2.133296253096464,0.05981946952555922,ops/us,1853.34,1753.00,2175.00,1.78x,44.4%
io.finmsg.dmn.benchmark.OriginationsBenchmark.generatedAdapter_Originations,Originations,Generated Java,Adapter,generatedAdapter_Originations,default,8,thrpt,2.694485769931691,0.6212058226080459,ops/us,1840.01,1413.00,2243.00,2.24x,28.0%
io.finmsg.dmn.benchmark.OriginationsBenchmark.generatedDirect_Originations,Originations,Generated Java,Direct,generatedDirect_Originations,default,1,thrpt,1.3028426193469018,0.16014914883448877,ops/us,1840.01,1544.00,1193.00,1.00x,100.0%
io.finmsg.dmn.benchmark.OriginationsBenchmark.generatedDirect_Originations,Originations,Generated Java,Direct,generatedDirect_Originations,default,2,thrpt,1.7847355498063606,0.04958691336652648,ops/us,1853.34,1851.00,1754.00,1.37x,68.5%
io.finmsg.dmn.benchmark.OriginationsBenchmark.generatedDirect_Originations,Originations,Generated Java,Direct,generatedDirect_Originations,default,4,thrpt,2.1216691520856314,0.08182774639367611,ops/us,1853.34,1768.00,2199.00,1.63x,40.7%
io.finmsg.dmn.benchmark.OriginationsBenchmark.generatedDirect_Originations,Originations,Generated Java,Direct,generatedDirect_Originations,default,8,thrpt,2.475747074107434,0.24713616460586182,ops/us,1840.01,1455.00,2396.00,1.90x,23.8%
io.finmsg.dmn.benchmark.OriginationsBenchmark.generatedEndToEnd_Originations,Originations,Generated Java,End-to-End,generatedEndToEnd_Originations,default,1,thrpt,1.0346390470604108,0.12449386493040751,ops/us,1936.01,1589.00,1157.00,1.00x,100.0%
io.finmsg.dmn.benchmark.OriginationsBenchmark.generatedEndToEnd_Originations,Originations,Generated Java,End-to-End,generatedEndToEnd_Originations,default,2,thrpt,1.4277912312826353,0.030352206498188754,ops/us,1928.01,1653.00,1549.00,1.38x,69.0%
io.finmsg.dmn.benchmark.OriginationsBenchmark.generatedEndToEnd_Originations,Originations,Generated Java,End-to-End,generatedEndToEnd_Originations,default,4,thrpt,1.6803322630702056,0.05294039033865281,ops/us,1911.37,1597.00,1919.00,1.62x,40.6%
io.finmsg.dmn.benchmark.OriginationsBenchmark.generatedEndToEnd_Originations,Originations,Generated Java,End-to-End,generatedEndToEnd_Originations,default,8,thrpt,1.9564339401757591,0.43307631751168807,ops/us,1903.37,1308.00,2158.00,1.89x,23.6%
io.finmsg.dmn.benchmark.OriginationsBenchmark.interpreterCore_Originations,Originations,Interpreter,Core,interpreterCore_Originations,default,1,thrpt,0.21512725840637728,0.0336820388096696,ops/us,7167.72,1142.00,943.00,1.00x,100.0%
io.finmsg.dmn.benchmark.OriginationsBenchmark.interpreterCore_Originations,Originations,Interpreter,Core,interpreterCore_Originations,default,2,thrpt,0.342755608235904,0.009931620914563604,ops/us,7167.82,1546.00,1448.00,1.59x,79.7%
io.finmsg.dmn.benchmark.OriginationsBenchmark.interpreterCore_Originations,Originations,Interpreter,Core,interpreterCore_Originations,default,4,thrpt,0.40429472362384683,0.012109077947096456,ops/us,7167.72,1498.00,1837.00,1.88x,47.0%
io.finmsg.dmn.benchmark.OriginationsBenchmark.interpreterCore_Originations,Originations,Interpreter,Core,interpreterCore_Originations,default,8,thrpt,0.461188488203556,0.04392747382685836,ops/us,7167.72,1329.00,2100.00,2.14x,26.8%
io.finmsg.dmn.benchmark.RankedLoanProductsBenchmark.generatedAdapter_RankedLoanProducts,RankedLoanProducts,Generated Java,Adapter,generatedAdapter_RankedLoanProducts,default,1,avgt,0.6110806157564336,0.05783466769497865,us/op,1245.74,1477.00,1104.00,1.00x,100.0%
io.finmsg.dmn.benchmark.RankedLoanProductsBenchmark.generatedAdapter_RankedLoanProducts,RankedLoanProducts,Generated Java,Adapter,generatedAdapter_RankedLoanProducts,default,2,avgt,0.9416479318649312,0.2666406119094822,us/op,1245.74,1453.00,1342.00,1.54x,77.0%
io.finmsg.dmn.benchmark.RankedLoanProductsBenchmark.generatedAdapter_RankedLoanProducts,RankedLoanProducts,Generated Java,Adapter,generatedAdapter_RankedLoanProducts,default,4,avgt,1.2565849743787667,0.03849528323039421,us/op,1219.07,1255.00,1370.00,2.06x,51.4%
io.finmsg.dmn.benchmark.RankedLoanProductsBenchmark.generatedAdapter_RankedLoanProducts,RankedLoanProducts,Generated Java,Adapter,generatedAdapter_RankedLoanProducts,default,8,avgt,2.6333882559090767,0.17608955264770035,us/op,1205.74,1373.00,2175.00,4.31x,53.9%
io.finmsg.dmn.benchmark.RankedLoanProductsBenchmark.generatedDirect_RankedLoanProducts,RankedLoanProducts,Generated Java,Direct,generatedDirect_RankedLoanProducts,default,1,avgt,0.8321751814265269,0.2414447473859398,us/op,1232.40,1249.00,1017.00,1.00x,100.0%
io.finmsg.dmn.benchmark.RankedLoanProductsBenchmark.generatedDirect_RankedLoanProducts,RankedLoanProducts,Generated Java,Direct,generatedDirect_RankedLoanProducts,default,2,avgt,0.9636129456322752,0.0589109928333337,us/op,1232.40,1356.00,1302.00,1.16x,57.9%
io.finmsg.dmn.benchmark.RankedLoanProductsBenchmark.generatedDirect_RankedLoanProducts,RankedLoanProducts,Generated Java,Direct,generatedDirect_RankedLoanProducts,default,4,avgt,1.2220978377694558,0.03193986641125606,us/op,1219.07,1279.00,1394.00,1.47x,36.7%
io.finmsg.dmn.benchmark.RankedLoanProductsBenchmark.generatedDirect_RankedLoanProducts,RankedLoanProducts,Generated Java,Direct,generatedDirect_RankedLoanProducts,default,8,avgt,2.590827029946999,0.09761507721070445,us/op,1219.07,1250.00,2061.00,3.11x,38.9%
io.finmsg.dmn.benchmark.RankedLoanProductsBenchmark.generatedEndToEnd_RankedLoanProducts,RankedLoanProducts,Generated Java,End-to-End,generatedEndToEnd_RankedLoanProducts,default,1,avgt,0.7636235770004851,0.027254037495357313,us/op,1301.74,1314.00,995.00,1.00x,100.0%
io.finmsg.dmn.benchmark.RankedLoanProductsBenchmark.generatedEndToEnd_RankedLoanProducts,RankedLoanProducts,Generated Java,End-to-End,generatedEndToEnd_RankedLoanProducts,default,2,avgt,1.1399173013151802,0.07166333738423687,us/op,1301.74,1315.00,1238.00,1.49x,74.6%
io.finmsg.dmn.benchmark.RankedLoanProductsBenchmark.generatedEndToEnd_RankedLoanProducts,RankedLoanProducts,Generated Java,End-to-End,generatedEndToEnd_RankedLoanProducts,default,4,avgt,1.4458229164774397,0.028191257082752923,us/op,1275.07,1153.00,1260.00,1.89x,47.3%
io.finmsg.dmn.benchmark.RankedLoanProductsBenchmark.generatedEndToEnd_RankedLoanProducts,RankedLoanProducts,Generated Java,End-to-End,generatedEndToEnd_RankedLoanProducts,default,8,avgt,3.219976242550685,0.3361379366892385,us/op,1275.07,1278.00,2036.00,4.22x,52.7%
io.finmsg.dmn.benchmark.RankedLoanProductsBenchmark.interpreterCore_RankedLoanProducts,RankedLoanProducts,Interpreter,Core,interpreterCore_RankedLoanProducts,default,1,avgt,4.29776383639038,0.2222609637005759,us/op,7262.09,1317.00,1000.00,1.00x,100.0%
io.finmsg.dmn.benchmark.RankedLoanProductsBenchmark.interpreterCore_RankedLoanProducts,RankedLoanProducts,Interpreter,Core,interpreterCore_RankedLoanProducts,default,2,avgt,6.8559027795003065,1.5281463504269308,us/op,7248.76,1216.00,1212.00,1.60x,79.8%
io.finmsg.dmn.benchmark.RankedLoanProductsBenchmark.interpreterCore_RankedLoanProducts,RankedLoanProducts,Interpreter,Core,interpreterCore_RankedLoanProducts,default,4,avgt,8.052918858918916,0.10751292584501684,us/op,7235.42,1216.00,1342.00,1.87x,46.8%
io.finmsg.dmn.benchmark.RankedLoanProductsBenchmark.interpreterCore_RankedLoanProducts,RankedLoanProducts,Interpreter,Core,interpreterCore_RankedLoanProducts,default,8,avgt,16.696229615710955,1.219293231805928,us/op,7262.09,1177.00,1915.00,3.88x,48.6%
io.finmsg.dmn.benchmark.RankedLoanProductsBenchmark.generatedAdapter_RankedLoanProducts,RankedLoanProducts,Generated Java,Adapter,generatedAdapter_RankedLoanProducts,default,1,thrpt,1.3671809672602977,0.3925258736568258,ops/us,1245.74,1258.00,987.00,1.00x,100.0%
io.finmsg.dmn.benchmark.RankedLoanProductsBenchmark.generatedAdapter_RankedLoanProducts,RankedLoanProducts,Generated Java,Adapter,generatedAdapter_RankedLoanProducts,default,2,thrpt,2.12521716538352,0.03874410352752151,ops/us,1219.07,1391.00,1320.00,1.55x,77.7%
io.finmsg.dmn.benchmark.RankedLoanProductsBenchmark.generatedAdapter_RankedLoanProducts,RankedLoanProducts,Generated Java,Adapter,generatedAdapter_RankedLoanProducts,default,4,thrpt,2.4903132945046544,0.054219864234086916,ops/us,1232.40,1369.00,1690.00,1.82x,45.5%
io.finmsg.dmn.benchmark.RankedLoanProductsBenchmark.generatedAdapter_RankedLoanProducts,RankedLoanProducts,Generated Java,Adapter,generatedAdapter_RankedLoanProducts,default,8,thrpt,3.272460026267179,0.33530638976966554,ops/us,1219.07,1424.00,2142.00,2.39x,29.9%
io.finmsg.dmn.benchmark.RankedLoanProductsBenchmark.generatedDirect_RankedLoanProducts,RankedLoanProducts,Generated Java,Direct,generatedDirect_RankedLoanProducts,default,1,thrpt,1.6152107276209453,0.08986490250821837,ops/us,1232.40,1585.00,1111.00,1.00x,100.0%
io.finmsg.dmn.benchmark.RankedLoanProductsBenchmark.generatedDirect_RankedLoanProducts,RankedLoanProducts,Generated Java,Direct,generatedDirect_RankedLoanProducts,default,2,thrpt,2.1601115853937287,0.024190571515764252,ops/us,1232.40,1526.00,1431.00,1.34x,66.9%
io.finmsg.dmn.benchmark.RankedLoanProductsBenchmark.generatedDirect_RankedLoanProducts,RankedLoanProducts,Generated Java,Direct,generatedDirect_RankedLoanProducts,default,4,thrpt,2.492558422098484,0.1684970932388549,ops/us,1232.40,1122.00,1445.00,1.54x,38.6%
io.finmsg.dmn.benchmark.RankedLoanProductsBenchmark.generatedDirect_RankedLoanProducts,RankedLoanProducts,Generated Java,Direct,generatedDirect_RankedLoanProducts,default,8,thrpt,3.519588455639587,0.0977096933970779,ops/us,1205.74,1454.00,2115.00,2.18x,27.2%
io.finmsg.dmn.benchmark.RankedLoanProductsBenchmark.generatedEndToEnd_RankedLoanProducts,RankedLoanProducts,Generated Java,End-to-End,generatedEndToEnd_RankedLoanProducts,default,1,thrpt,1.3320243970945989,0.1257037723760278,ops/us,1301.74,1331.00,999.00,1.00x,100.0%
io.finmsg.dmn.benchmark.RankedLoanProductsBenchmark.generatedEndToEnd_RankedLoanProducts,RankedLoanProducts,Generated Java,End-to-End,generatedEndToEnd_RankedLoanProducts,default,2,thrpt,2.039408008867292,0.24260823483208407,ops/us,1301.74,1408.00,1218.00,1.53x,76.6%
io.finmsg.dmn.benchmark.RankedLoanProductsBenchmark.generatedEndToEnd_RankedLoanProducts,RankedLoanProducts,Generated Java,End-to-End,generatedEndToEnd_RankedLoanProducts,default,4,thrpt,2.1448412121098657,0.07753462504374808,ops/us,1288.40,1111.00,1405.00,1.61x,40.3%
io.finmsg.dmn.benchmark.RankedLoanProductsBenchmark.generatedEndToEnd_RankedLoanProducts,RankedLoanProducts,Generated Java,End-to-End,generatedEndToEnd_RankedLoanProducts,default,8,thrpt,2.804352510884328,0.13565471086050132,ops/us,1261.74,1348.00,1984.00,2.11x,26.3%
io.finmsg.dmn.benchmark.RankedLoanProductsBenchmark.interpreterCore_RankedLoanProducts,RankedLoanProducts,Interpreter,Core,interpreterCore_RankedLoanProducts,default,1,thrpt,0.2586359800010367,0.00922027423061445,ops/us,7248.76,1361.00,1009.00,1.00x,100.0%
io.finmsg.dmn.benchmark.RankedLoanProductsBenchmark.interpreterCore_RankedLoanProducts,RankedLoanProducts,Interpreter,Core,interpreterCore_RankedLoanProducts,default,2,thrpt,0.3775447438503855,0.01046751639124368,ops/us,7262.09,1521.00,1335.00,1.46x,73.0%
io.finmsg.dmn.benchmark.RankedLoanProductsBenchmark.interpreterCore_RankedLoanProducts,RankedLoanProducts,Interpreter,Core,interpreterCore_RankedLoanProducts,default,4,thrpt,0.37863360968615983,0.012396879267413898,ops/us,7262.09,1395.00,1700.00,1.46x,36.6%
io.finmsg.dmn.benchmark.RankedLoanProductsBenchmark.interpreterCore_RankedLoanProducts,RankedLoanProducts,Interpreter,Core,interpreterCore_RankedLoanProducts,default,8,thrpt,0.5142747985970882,0.01759256140154023,ops/us,7235.42,1386.00,2065.00,1.99x,24.9%
io.finmsg.dmn.benchmark.ScalarArithmeticBenchmark.generatedAdapter_ScalarArithmetic,ScalarArithmetic,Generated Java,Adapter,generatedAdapter_ScalarArithmetic,default,1,avgt,117.09948964627618,39.83068961652803,ns/op,208.00,1280.00,1038.00,1.00x,100.0%
io.finmsg.dmn.benchmark.ScalarArithmeticBenchmark.generatedAdapter_ScalarArithmetic,ScalarArithmetic,Generated Java,Adapter,generatedAdapter_ScalarArithmetic,default,2,avgt,148.48667086184975,10.969556014434938,ns/op,208.00,1762.00,1594.00,1.27x,63.4%
io.finmsg.dmn.benchmark.ScalarArithmeticBenchmark.generatedAdapter_ScalarArithmetic,ScalarArithmetic,Generated Java,Adapter,generatedAdapter_ScalarArithmetic,default,4,avgt,202.68439993529356,3.099938165865825,ns/op,208.00,1788.00,1874.00,1.73x,43.3%
io.finmsg.dmn.benchmark.ScalarArithmeticBenchmark.generatedAdapter_ScalarArithmetic,ScalarArithmetic,Generated Java,Adapter,generatedAdapter_ScalarArithmetic,default,8,avgt,466.025898999832,16.532738582950103,ns/op,208.00,1338.00,2122.00,3.98x,49.7%
io.finmsg.dmn.benchmark.ScalarArithmeticBenchmark.generatedDirect_ScalarArithmetic,ScalarArithmetic,Generated Java,Direct,generatedDirect_ScalarArithmetic,default,1,avgt,91.34734218605936,6.197781702982185,ns/op,208.00,1732.00,1245.00,1.00x,100.0%
io.finmsg.dmn.benchmark.ScalarArithmeticBenchmark.generatedDirect_ScalarArithmetic,ScalarArithmetic,Generated Java,Direct,generatedDirect_ScalarArithmetic,default,2,avgt,137.06338489834081,4.764123757479136,ns/op,208.00,1722.00,1591.00,1.50x,75.0%
io.finmsg.dmn.benchmark.ScalarArithmeticBenchmark.generatedDirect_ScalarArithmetic,ScalarArithmetic,Generated Java,Direct,generatedDirect_ScalarArithmetic,default,4,avgt,188.74378771829132,4.196566106305252,ns/op,208.00,1963.00,2050.00,2.07x,51.7%
io.finmsg.dmn.benchmark.ScalarArithmeticBenchmark.generatedDirect_ScalarArithmetic,ScalarArithmetic,Generated Java,Direct,generatedDirect_ScalarArithmetic,default,8,avgt,417.19328787298883,15.034214921604903,ns/op,208.00,1517.00,2433.00,4.57x,57.1%
io.finmsg.dmn.benchmark.ScalarArithmeticBenchmark.invocationControl_ScalarArithmetic,ScalarArithmetic,Harness,Control,invocationControl_ScalarArithmetic,default,1,avgt,0.6555509433527681,0.026955746646769297,ns/op,0.00,0.00,,1.00x,100.0%
io.finmsg.dmn.benchmark.ScalarArithmeticBenchmark.invocationControl_ScalarArithmetic,ScalarArithmetic,Harness,Control,invocationControl_ScalarArithmetic,default,2,avgt,0.960150703840444,0.14836036415779746,ns/op,0.00,0.00,,1.46x,73.2%
io.finmsg.dmn.benchmark.ScalarArithmeticBenchmark.invocationControl_ScalarArithmetic,ScalarArithmetic,Harness,Control,invocationControl_ScalarArithmetic,default,4,avgt,1.1250078294200885,0.016736687916958176,ns/op,0.00,0.00,,1.72x,42.9%
io.finmsg.dmn.benchmark.ScalarArithmeticBenchmark.invocationControl_ScalarArithmetic,ScalarArithmetic,Harness,Control,invocationControl_ScalarArithmetic,default,8,avgt,2.144360030171517,0.06467361744747105,ns/op,0.00,0.00,,3.27x,40.9%
io.finmsg.dmn.benchmark.ScalarArithmeticBenchmark.interpreterCore_ScalarArithmetic,ScalarArithmetic,Interpreter,Core,interpreterCore_ScalarArithmetic,default,1,avgt,223.2566284287915,24.90620268157617,ns/op,624.00,1850.00,1464.00,1.00x,100.0%
io.finmsg.dmn.benchmark.ScalarArithmeticBenchmark.interpreterCore_ScalarArithmetic,ScalarArithmetic,Interpreter,Core,interpreterCore_ScalarArithmetic,default,2,avgt,393.4293926262999,75.84589612800212,ns/op,624.00,1707.00,1805.00,1.76x,88.1%
io.finmsg.dmn.benchmark.ScalarArithmeticBenchmark.interpreterCore_ScalarArithmetic,ScalarArithmetic,Interpreter,Core,interpreterCore_ScalarArithmetic,default,4,avgt,435.1212931315341,8.90785611854261,ns/op,624.00,2151.00,2323.00,1.95x,48.7%
io.finmsg.dmn.benchmark.ScalarArithmeticBenchmark.interpreterCore_ScalarArithmetic,ScalarArithmetic,Interpreter,Core,interpreterCore_ScalarArithmetic,default,8,avgt,999.6836369818418,21.01761951159259,ns/op,624.00,1724.00,2836.00,4.48x,56.0%
io.finmsg.dmn.benchmark.ScalarArithmeticBenchmark.generatedAdapter_ScalarArithmetic,ScalarArithmetic,Generated Java,Adapter,generatedAdapter_ScalarArithmetic,default,1,thrpt,0.010628707687977412,0.00018744898327506984,ops/ns,208.00,1753.00,1202.00,1.00x,100.0%
io.finmsg.dmn.benchmark.ScalarArithmeticBenchmark.generatedAdapter_ScalarArithmetic,ScalarArithmetic,Generated Java,Adapter,generatedAdapter_ScalarArithmetic,default,2,thrpt,0.015696797255975132,0.0005729187000114334,ops/ns,208.00,1827.00,1569.00,1.48x,73.8%
io.finmsg.dmn.benchmark.ScalarArithmeticBenchmark.generatedAdapter_ScalarArithmetic,ScalarArithmetic,Generated Java,Adapter,generatedAdapter_ScalarArithmetic,default,4,thrpt,0.016770926614743407,0.002211459792180073,ops/ns,208.00,1479.00,1720.00,1.58x,39.4%
io.finmsg.dmn.benchmark.ScalarArithmeticBenchmark.generatedAdapter_ScalarArithmetic,ScalarArithmetic,Generated Java,Adapter,generatedAdapter_ScalarArithmetic,default,8,thrpt,0.018662926763061752,0.001073415698147139,ops/ns,208.00,1533.00,2265.00,1.76x,21.9%
io.finmsg.dmn.benchmark.ScalarArithmeticBenchmark.generatedDirect_ScalarArithmetic,ScalarArithmetic,Generated Java,Direct,generatedDirect_ScalarArithmetic,default,1,thrpt,0.011340132433366566,0.0008360416889932669,ops/ns,208.00,1838.00,1283.00,1.00x,100.0%
io.finmsg.dmn.benchmark.ScalarArithmeticBenchmark.generatedDirect_ScalarArithmetic,ScalarArithmetic,Generated Java,Direct,generatedDirect_ScalarArithmetic,default,2,thrpt,0.017359809740491425,0.0004071873278244729,ops/ns,208.00,1884.00,1632.00,1.53x,76.5%
io.finmsg.dmn.benchmark.ScalarArithmeticBenchmark.generatedDirect_ScalarArithmetic,ScalarArithmetic,Generated Java,Direct,generatedDirect_ScalarArithmetic,default,4,thrpt,0.019835170418553483,0.0024963464312230516,ops/ns,208.00,1774.00,1954.00,1.75x,43.7%
io.finmsg.dmn.benchmark.ScalarArithmeticBenchmark.generatedDirect_ScalarArithmetic,ScalarArithmetic,Generated Java,Direct,generatedDirect_ScalarArithmetic,default,8,thrpt,0.02141456151758181,0.0010569258204570454,ops/ns,208.00,1627.00,2372.00,1.89x,23.6%
io.finmsg.dmn.benchmark.ScalarArithmeticBenchmark.invocationControl_ScalarArithmetic,ScalarArithmetic,Harness,Control,invocationControl_ScalarArithmetic,default,1,thrpt,1.668372566567538,0.08538781393222838,ops/ns,0.00,0.00,,1.00x,100.0%
io.finmsg.dmn.benchmark.ScalarArithmeticBenchmark.invocationControl_ScalarArithmetic,ScalarArithmetic,Harness,Control,invocationControl_ScalarArithmetic,default,2,thrpt,2.524698028178795,0.11305121892077298,ops/ns,0.00,0.00,,1.51x,75.7%
io.finmsg.dmn.benchmark.ScalarArithmeticBenchmark.invocationControl_ScalarArithmetic,ScalarArithmetic,Harness,Control,invocationControl_ScalarArithmetic,default,4,thrpt,3.5843377863514463,0.09041268252310125,ops/ns,0.00,0.00,,2.15x,53.7%
io.finmsg.dmn.benchmark.ScalarArithmeticBenchmark.invocationControl_ScalarArithmetic,ScalarArithmetic,Harness,Control,invocationControl_ScalarArithmetic,default,8,thrpt,3.6687436062307013,0.17483885500674093,ops/ns,0.00,0.00,,2.20x,27.5%
io.finmsg.dmn.benchmark.ScalarArithmeticBenchmark.interpreterCore_ScalarArithmetic,ScalarArithmetic,Interpreter,Core,interpreterCore_ScalarArithmetic,default,1,thrpt,0.004958846559738832,0.00011686025290746715,ops/ns,624.00,2111.00,1535.00,1.00x,100.0%
io.finmsg.dmn.benchmark.ScalarArithmeticBenchmark.interpreterCore_ScalarArithmetic,ScalarArithmetic,Interpreter,Core,interpreterCore_ScalarArithmetic,default,2,thrpt,0.007441924023708348,0.00014175913997201798,ops/ns,624.00,2089.00,1891.00,1.50x,75.0%
io.finmsg.dmn.benchmark.ScalarArithmeticBenchmark.interpreterCore_ScalarArithmetic,ScalarArithmetic,Interpreter,Core,interpreterCore_ScalarArithmetic,default,4,thrpt,0.008891980549104984,0.0007144116657917115,ops/ns,624.00,2287.00,2501.00,1.79x,44.8%
io.finmsg.dmn.benchmark.ScalarArithmeticBenchmark.interpreterCore_ScalarArithmetic,ScalarArithmetic,Interpreter,Core,interpreterCore_ScalarArithmetic,default,8,thrpt,0.007887209818790096,0.0008902177484425617,ops/ns,624.00,1581.00,2554.00,1.59x,19.9%
io.finmsg.dmn.benchmark.TrafficViolationBenchmark.generatedAdapter_TrafficViolation,TrafficViolation,Generated Java,Adapter,generatedAdapter_TrafficViolation,default,1,avgt,0.18853388447854036,0.004643290110796699,us/op,444.27,1640.00,1263.00,1.00x,100.0%
io.finmsg.dmn.benchmark.TrafficViolationBenchmark.generatedAdapter_TrafficViolation,TrafficViolation,Generated Java,Adapter,generatedAdapter_TrafficViolation,default,2,avgt,0.2705982946895236,0.016751498109170124,us/op,444.27,1734.00,1608.00,1.44x,71.8%
io.finmsg.dmn.benchmark.TrafficViolationBenchmark.generatedAdapter_TrafficViolation,TrafficViolation,Generated Java,Adapter,generatedAdapter_TrafficViolation,default,4,avgt,0.39292526472736783,0.033067294242459286,us/op,444.27,1974.00,2089.00,2.08x,52.1%
io.finmsg.dmn.benchmark.TrafficViolationBenchmark.generatedAdapter_TrafficViolation,TrafficViolation,Generated Java,Adapter,generatedAdapter_TrafficViolation,default,8,avgt,0.8833916846161716,0.012218764300163826,us/op,444.27,1398.00,2251.00,4.69x,58.6%
io.finmsg.dmn.benchmark.TrafficViolationBenchmark.generatedDirect_TrafficViolation,TrafficViolation,Generated Java,Direct,generatedDirect_TrafficViolation,default,1,avgt,0.1888702715480808,0.01359219700661309,us/op,444.27,2001.00,1427.00,1.00x,100.0%
io.finmsg.dmn.benchmark.TrafficViolationBenchmark.generatedDirect_TrafficViolation,TrafficViolation,Generated Java,Direct,generatedDirect_TrafficViolation,default,2,avgt,0.3723666202570007,0.08229128568303856,us/op,444.27,1485.00,1516.00,1.97x,98.6%
io.finmsg.dmn.benchmark.TrafficViolationBenchmark.generatedDirect_TrafficViolation,TrafficViolation,Generated Java,Direct,generatedDirect_TrafficViolation,default,4,avgt,0.3909863206261603,0.008683710698761385,us/op,444.27,2141.00,2229.00,2.07x,51.8%
io.finmsg.dmn.benchmark.TrafficViolationBenchmark.generatedDirect_TrafficViolation,TrafficViolation,Generated Java,Direct,generatedDirect_TrafficViolation,default,8,avgt,0.7936748283864158,0.0657560953234202,us/op,444.27,1544.00,2424.00,4.20x,52.5%
io.finmsg.dmn.benchmark.TrafficViolationBenchmark.generatedEndToEnd_TrafficViolation,TrafficViolation,Generated Java,End-to-End,generatedEndToEnd_TrafficViolation,default,1,avgt,0.2869481955011057,0.007550995134695247,us/op,484.27,1966.00,1305.00,1.00x,100.0%
io.finmsg.dmn.benchmark.TrafficViolationBenchmark.generatedEndToEnd_TrafficViolation,TrafficViolation,Generated Java,End-to-End,generatedEndToEnd_TrafficViolation,default,2,avgt,0.582304620122365,0.17570993586469966,us/op,476.27,1249.00,1331.00,2.03x,101.5%
io.finmsg.dmn.benchmark.TrafficViolationBenchmark.generatedEndToEnd_TrafficViolation,TrafficViolation,Generated Java,End-to-End,generatedEndToEnd_TrafficViolation,default,4,avgt,0.5130725589337533,0.03856237227603556,us/op,476.27,1889.00,1922.00,1.79x,44.7%
io.finmsg.dmn.benchmark.TrafficViolationBenchmark.generatedEndToEnd_TrafficViolation,TrafficViolation,Generated Java,End-to-End,generatedEndToEnd_TrafficViolation,default,8,avgt,1.080417577989027,0.04888488177703851,us/op,484.27,1316.00,2034.00,3.77x,47.1%
io.finmsg.dmn.benchmark.TrafficViolationBenchmark.interpreterCore_TrafficViolation,TrafficViolation,Interpreter,Core,interpreterCore_TrafficViolation,default,1,avgt,1.2418207013924687,0.03530698904904811,us/op,2514.80,1704.00,1279.00,1.00x,100.0%
io.finmsg.dmn.benchmark.TrafficViolationBenchmark.interpreterCore_TrafficViolation,TrafficViolation,Interpreter,Core,interpreterCore_TrafficViolation,default,2,avgt,2.613024165774421,0.2709557171819256,us/op,2514.80,1339.00,1478.00,2.10x,105.2%
io.finmsg.dmn.benchmark.TrafficViolationBenchmark.interpreterCore_TrafficViolation,TrafficViolation,Interpreter,Core,interpreterCore_TrafficViolation,default,4,avgt,2.2291241301445828,0.04453711613653245,us/op,2514.80,2283.00,2371.00,1.80x,44.9%
io.finmsg.dmn.benchmark.TrafficViolationBenchmark.interpreterCore_TrafficViolation,TrafficViolation,Interpreter,Core,interpreterCore_TrafficViolation,default,8,avgt,4.588897602075158,0.09539648515538675,us/op,2514.80,1346.00,2129.00,3.70x,46.2%
io.finmsg.dmn.benchmark.TrafficViolationBenchmark.generatedAdapter_TrafficViolation,TrafficViolation,Generated Java,Adapter,generatedAdapter_TrafficViolation,default,1,thrpt,5.717332678560148,0.460041445339776,ops/us,444.27,1946.00,1353.00,1.00x,100.0%
io.finmsg.dmn.benchmark.TrafficViolationBenchmark.generatedAdapter_TrafficViolation,TrafficViolation,Generated Java,Adapter,generatedAdapter_TrafficViolation,default,2,thrpt,8.590094717756642,0.7122945859487863,ops/us,444.27,2179.00,1875.00,1.50x,75.1%
io.finmsg.dmn.benchmark.TrafficViolationBenchmark.generatedAdapter_TrafficViolation,TrafficViolation,Generated Java,Adapter,generatedAdapter_TrafficViolation,default,4,thrpt,10.29252538097452,1.1082436998259233,ops/us,444.27,2012.00,2104.00,1.80x,45.0%
io.finmsg.dmn.benchmark.TrafficViolationBenchmark.generatedAdapter_TrafficViolation,TrafficViolation,Generated Java,Adapter,generatedAdapter_TrafficViolation,default,8,thrpt,9.157478030186455,0.48256334015194285,ops/us,444.27,1394.00,2330.00,1.60x,20.0%
io.finmsg.dmn.benchmark.TrafficViolationBenchmark.generatedDirect_TrafficViolation,TrafficViolation,Generated Java,Direct,generatedDirect_TrafficViolation,default,1,thrpt,6.3953858558306,0.12546957048737867,ops/us,444.27,2029.00,1415.00,1.00x,100.0%
io.finmsg.dmn.benchmark.TrafficViolationBenchmark.generatedDirect_TrafficViolation,TrafficViolation,Generated Java,Direct,generatedDirect_TrafficViolation,default,2,thrpt,8.505566463943461,0.6288589391272391,ops/us,444.27,2090.00,1786.00,1.33x,66.5%
io.finmsg.dmn.benchmark.TrafficViolationBenchmark.generatedDirect_TrafficViolation,TrafficViolation,Generated Java,Direct,generatedDirect_TrafficViolation,default,4,thrpt,10.870419443425837,0.963519292496142,ops/us,444.27,2175.00,2286.00,1.70x,42.5%
io.finmsg.dmn.benchmark.TrafficViolationBenchmark.generatedDirect_TrafficViolation,TrafficViolation,Generated Java,Direct,generatedDirect_TrafficViolation,default,8,thrpt,9.906101430887471,0.9222439902027064,ops/us,444.27,1429.00,2269.00,1.55x,19.4%
io.finmsg.dmn.benchmark.TrafficViolationBenchmark.generatedEndToEnd_TrafficViolation,TrafficViolation,Generated Java,End-to-End,generatedEndToEnd_TrafficViolation,default,1,thrpt,3.9901763863980593,0.10037556305741088,ops/us,484.27,2063.00,1271.00,1.00x,100.0%
io.finmsg.dmn.benchmark.TrafficViolationBenchmark.generatedEndToEnd_TrafficViolation,TrafficViolation,Generated Java,End-to-End,generatedEndToEnd_TrafficViolation,default,2,thrpt,6.675729859933527,0.14307397977916878,ops/us,484.27,1801.00,1544.00,1.67x,83.7%
io.finmsg.dmn.benchmark.TrafficViolationBenchmark.generatedEndToEnd_TrafficViolation,TrafficViolation,Generated Java,End-to-End,generatedEndToEnd_TrafficViolation,default,4,thrpt,7.604948773314243,0.11865389888676414,ops/us,476.27,1921.00,1936.00,1.91x,47.6%
io.finmsg.dmn.benchmark.TrafficViolationBenchmark.generatedEndToEnd_TrafficViolation,TrafficViolation,Generated Java,End-to-End,generatedEndToEnd_TrafficViolation,default,8,thrpt,7.0670509555842695,0.23425831976004863,ops/us,484.27,1274.00,2073.00,1.77x,22.1%
io.finmsg.dmn.benchmark.TrafficViolationBenchmark.interpreterCore_TrafficViolation,TrafficViolation,Interpreter,Core,interpreterCore_TrafficViolation,default,1,thrpt,0.9610441825937205,0.025188587015411053,ops/us,2514.80,2087.00,1409.00,1.00x,100.0%
io.finmsg.dmn.benchmark.TrafficViolationBenchmark.interpreterCore_TrafficViolation,TrafficViolation,Interpreter,Core,interpreterCore_TrafficViolation,default,2,thrpt,1.4253491181549702,0.045248220944080646,ops/us,2514.80,2057.00,1812.00,1.48x,74.2%
io.finmsg.dmn.benchmark.TrafficViolationBenchmark.interpreterCore_TrafficViolation,TrafficViolation,Interpreter,Core,interpreterCore_TrafficViolation,default,4,thrpt,1.7836027887152999,0.03386901703733136,ops/us,2514.80,2051.00,2171.00,1.86x,46.4%
io.finmsg.dmn.benchmark.TrafficViolationBenchmark.interpreterCore_TrafficViolation,TrafficViolation,Interpreter,Core,interpreterCore_TrafficViolation,default,8,thrpt,1.6808064085251615,0.01919620902724498,ops/us,2514.80,1392.00,2293.00,1.75x,21.9%
